{"cameraMode":{"drawMode":0,"name":"Shaded","section":"Shading Mode"},"sceneLighting":false,"audioPlay":false,"sceneViewState":{"m_AlwaysRefresh":false,"showFog":true,"showSkybox":false,"showFlares":true,"showImageEffects":true,"showParticleSystems":true,"showVisualEffectGraphs":true,"m_FxEnabled":true},"in2DMode":false,"pivot":{"x":-8.940696716308594e-8,"y":0.7735258340835571,"z":-0.11410698294639588},"rotation":{"x":-0.15264517068862916,"y":-0.029054583981633188,"z":0.004492568783462048,"w":-0.9878519177436829},"size":1.2460352182388306,"orthographic":false}