{"cameraMode":{"drawMode":0,"name":"Shaded","section":"Shading Mode"},"sceneLighting":false,"audioPlay":false,"sceneViewState":{"m_AlwaysRefresh":false,"showFog":true,"showSkybox":false,"showFlares":true,"showImageEffects":true,"showParticleSystems":true,"showVisualEffectGraphs":true,"m_FxEnabled":true},"in2DMode":false,"pivot":{"x":-4.210000038146973,"y":1.4660522937774659,"z":10.293770790100098},"rotation":{"x":-0.15264517068862916,"y":-0.029054583981633188,"z":0.004492568783462048,"w":-0.9878519177436829},"size":2.673480272293091,"orthographic":false}