{"cameraMode":{"drawMode":0,"name":"Shaded","section":"Shading Mode"},"sceneLighting":true,"audioPlay":false,"sceneViewState":{"m_AlwaysRefresh":false,"showFog":true,"showSkybox":true,"showFlares":true,"showImageEffects":true,"showParticleSystems":true,"showVisualEffectGraphs":true,"m_FxEnabled":true},"in2DMode":false,"pivot":{"x":-5.489492416381836,"y":10.613313674926758,"z":-18.032520294189454},"rotation":{"x":-0.0025545612443238498,"y":-0.5243894457817078,"z":-0.0015729271108284593,"w":0.8514745235443115},"size":9.46666145324707,"orthographic":false}